שם נקודה,אתר,Latitude,Longitude,Tries,אזור
מעיין כייף,,32.83115754,35.7649143,2,גולן
אל על בריכת המפל,אל על,32.8046,35.7343,,גולן
אל על מפל שחור,אל על,32.81,35.73,,גולן
בניאס גשר כפר סאלד,בניאס,33.245,35.705,,גליל עליון / עמק החולה
בניאס גשר שאר ישוב,בניאס,33.233,35.776,,גליל עליון / עמק החולה
בניאס זולה 2,בניאס,33.239,35.741,,גליל עליון / עמק החולה
בניאס מורד המפל,בניאס,33.247,35.769,,גליל עליון / עמק החולה
בניאס תחנת הקמח,בניאס,33.25,35.72,,גליל עליון / עמק החולה
בצת בריכה 1,בצת עכו,33.0728,35.2144,,גליל מערבי
בצת בריכה 2,בצת עכו,33.07123121,35.13494058,,גליל מערבי
בצת ראש המעיין,בצת עכו,33.0768,35.2425,1,גליל מערבי
בצת תפיסת אילון,בצת עכו,33.0833,35.1,1,גליל מערבי
סוף מסלול נחל בצת,בצת עכו,33.06361,35.22056,,גליל מערבי
ג'ילבון אזור עלייקה,ג'ילבון,33.04,35.66,,גולן
ג'ילבון ירידה לשטח אש,ג'ילבון,33.039167,35.664722,1,גולן
ג'ילבון מפל דבורה,ג'ילבון,33.0538,35.6881,1,גולן
נחל חדרה - נקודת שאיבה מאגר 5,גן שמואל,32.45361,34.94972,1,מישור החוף המרכזי / חוף הכרמל
געתון חניון אשחר,געתון,33,35.0833,1,גליל מערבי
געתון חניון חורבה,געתון,33.0125,35.1852,1,גליל מערבי
בריכת משושי זוויתן,זוויתן,32.938867,35.665318,1,גולן
זוויתן לפני מפל,זוויתן,32.952526,35.706789,1,גולן
זויתן שביל שחור,זוויתן,32.9461,35.6842,1,גולן
חצבאני אחרי תחנה הידרואלקטרית,חצבני,33.2362,35.6214,1,גליל עליון / אצבע הגליל
חצבאני אחרי תחנה הידרואלקטרית (כולירה),חצבני,33.2362,35.6214,1,גליל עליון / אצבע הגליל
חצבאני טיילת מפגש הנחלים,חצבני,33.1875,35.61944,1,גליל עליון / אצבע הגליל
חצבאני שפך לירדן,חצבני,33.1842,35.6186,,גליל עליון / אצבע הגליל
חצבאני תחנה הידרואלקטרית (גן הצפון),חצבני,33.2215,35.6178,,גליל עליון / אצבע הגליל
חצבני גשר מעיין ברוך,חצבני,33.2289,35.6158,,גליל עליון / אצבע הגליל
חצבני גשר צנורות,חצבני,33.2051,35.6182,,גליל עליון / אצבע הגליל
חצבני גשר רומי,חצבני,33.2378,35.6225,,גליל עליון / אצבע הגליל
חצבני נוחיילה,חצבני,33.2486,35.6219,,גליל עליון / אצבע הגליל
חצבני סכר רומי,חצבני,33.2381,35.6221,,גליל עליון / אצבע הגליל
חצבני שפך ירדן,חצבני,33.1842,35.6186,,גליל עליון / אצבע הגליל
נחל עיון חניון יוקי,חצבני,33.2651,35.5802,,גליל עליון / אצבע הגליל
זאכי,יהודיה,32.8986,35.6375,,גולן
יהודיה מסיל קצביה,יהודיה,32.9215,35.6981,,גולן
יהודיה מפל יהודיה,יהודיה,32.9082,35.6914,,גולן
יהודיה עין תות,יהודיה,32.9156,35.6948,,גולן
יהודיה תחנה הידרומטרית,יהודיה,32.9021,35.6812,,גולן
ירדן גשר בנות יעקב,ירדן,33.0103,35.6283,,עמק החולה / גליל עליון
ירדן גשר הדודות,ירדן,32.9861,35.6294,,עמק החולה / גליל עליון
ירדן גשר החמישה,ירדן,33.1612,35.6241,,גליל עליון / עמק החולה
ירדן גשר הפקק (חורי),ירדן,33.0831,35.6292,,עמק החולה / גליל עליון
ירדן גשר חורי,ירדן,33.0831,35.6292,,עמק החולה / גליל עליון
ירדן גשר יוסף,ירדן,33.1758,35.6219,,גליל עליון / עמק החולה
ירדן גשר יוסף (כולירה),ירדן,33.1758,35.6219,,גליל עליון / עמק החולה
ירדן גשר להבות הבשן,ירדן,33.1481,35.6238,,גליל עליון / עמק החולה
ירדן דרומי גשר,ירדן,32.9125,35.6211,,עמק הירדן / הכנרת
ירדן מוצא תעלה מערבית,ירדן,33.1215,35.6268,,עמק החולה
ירדן מיצד עטרת,ירדן,33.0061,35.6289,,גליל עליון / עמק החולה
ירדן מצד עתרת,ירדן,33.0061,35.6289,,גליל עליון / עמק החולה
ירדן נחל דישון,ירדן,33.0725,35.6298,,גליל עליון / עמק החולה
ירדן תעלת הבטחון,ירדן,33.1352,35.6251,,עמק החולה
ירדן גשר אריק,ירדן טבריה,32.9014,35.6133,,עמק הירדן / הכנרת
ירדן גשר אריק (כולירה),ירדן טבריה,32.9014,35.6133,,עמק הירדן / הכנרת
כזיב בריכת הדלבים,כזיב,33.0428,35.2514,,גליל מערבי
כזיב בריכת עין טמיר,כזיב,33.0436,35.2412,,גליל מערבי
כזיב בריכת עין תמיר,כזיב,33.0436,35.2412,,גליל מערבי
כזיב חרדלית,כזיב,33.0468,35.1825,,גליל מערבי
כזיב עין זיו,כזיב,33.0381,35.2752,,גליל מערבי
כזיב עין צינור,כזיב,33.0412,35.2618,,גליל מערבי
כזיב עין תמיר,כזיב,33.0436,35.2412,,גליל מערבי
מג'רסה,מג'רסה,32.8872,35.6419,,גולן
מג'רסה דליות אחרי המאגר,מג'רסה,32.8915,35.6712,,גולן
מג'רסה דליות סוף הזרימה,מג'רסה,32.8881,35.6458,,גולן
מג'רסה דליות תחילת זרימה,מג'רסה,32.8982,35.7021,,גולן
מג'רסה חיבור כנרת,מג'רסה,32.8858,35.6389,,גולן / כנרת
מג'רסה חיבור קידוח,מג'רסה,32.8891,35.6492,,גולן
מג'רסה לפני המאגר,מג'רסה,32.8942,35.6851,,גולן
מג'רסה מסיל צפוני,מג'רסה,32.8912,35.6431,,גולן
מג'רסה מעלה,מג'רסה,32.8895,35.6485,,גולן
מג'רסה נחל שפמנון,מג'רסה,32.8864,35.6402,,גולן
מעיין שולמית,מעיין שולמית,33.0215,35.5928,,גליל עליון
משושים בריכת המשושים,משושים,32.9386,35.6653,,גולן
משושים חורשה,משושים,32.9412,35.6681,,גולן
משושים לאחר חיבור נחל קצרין,משושים,32.9498,35.6752,,גולן
משושים לפני חיבור נחל אל-דורה למשושים,משושים,32.9612,35.6881,,גולן
משושים מעבר כביש,משושים,32.9851,35.6982,,גולן
משושים מעל חיבור נחל קצרין,משושים,32.9512,35.6768,,גולן
משושים נחל דורה,משושים,32.9645,35.6912,,גולן
משושים סוף נחל קצרין,משושים,32.9505,35.6761,,גולן
משושים צומת נשוט לכיוון קצרין,משושים,32.9882,35.6921,,גולן
נחל דוד א',נחל דוד,31.4672,35.3921,,מדבר יהודה / ים המלח
נחל דוד ב',נחל דוד,31.4665,35.3948,,מדבר יהודה / ים המלח
נחל ערוגות א',נחל ערוגות,31.4612,35.3892,,מדבר יהודה / ים המלח
נחל ערוגות ב',נחל ערוגות,31.4601,35.3928,,מדבר יהודה / ים המלח
גשר כביש 70,נחל צפורי,32.7615,35.1582,,גליל תחתון
חיבור עלי אסמעיל מגדוב,נחל צפורי,32.7582,35.1891,,גליל תחתון
תחנת הנזירים,נחל צפורי,32.7571,35.1782,,גליל תחתון
ירדן דרומי גשר,סקר,32.9125,35.6211,,עמק הירדן / הכנרת
ירמוכים יציאה ממאגר לאחר חיטוי,סקר,32.6812,35.5892,,עמק הירדן
ירמוכים כניסה,סקר,32.6885,35.6012,,עמק הירדן
ירמוכים מאגר,סקר,32.6841,35.5948,,עמק הירדן
נוחיילה,סקר,33.2486,35.6219,,גליל עליון / אצבע הגליל
נחל סער בקעת יעפורי,סקר,33.2281,35.7612,,גולן / צפון הגולן
עין תופחה אחרי איגום,סקר,33.2351,35.7712,,גולן / צפון הגולן
עין תופחה לפני איגום,סקר,33.2362,35.7725,,גולן / צפון הגולן
ראס אל נבע,סקר,33.2512,35.7681,,גולן / צפון הגולן
תעלת שלומי,סקר,33.0721,35.1482,,גליל מערבי
כניסה לבנון,עיון,33.2812,35.5781,,גליל עליון / אצבע הגליל
נחל עיון כניסה מלבנון,עיון,33.2812,35.5781,,גליל עליון / אצבע הגליל
מעיין עין גדי,עין גדי,31.4642,35.3881,,מדבר יהודה / ים המלח
בריכה הצפצפה - גשר דרומית,עין פשחה,31.7152,35.4528,,מדבר יהודה / ים המלח
גשר הצפצפה,עין פשחה,31.7161,35.4532,,מדבר יהודה / ים המלח
בריכת המעיין,עינות צוקים,31.7148,35.4519,,מדבר יהודה / ים המלח
בריכת מעיין עליונה - עינות צוקים,עינות צוקים,31.7162,35.4512,,מדבר יהודה / ים המלח
בריכת מעיין תחתונה - עינות צוקים,עינות צוקים,31.7135,35.4525,,מדבר יהודה / ים המלח
בריכת קנה,עינות צוקים,31.6912,35.4481,,מדבר יהודה / ים המלח
בריכת קנה (תמר) - עינות צוקים,עינות צוקים,31.6912,35.4481,,מדבר יהודה / ים המלח
בריכת תמר,עינות צוקים,31.6885,35.4462,,מדבר יהודה / ים המלח
בריכת תמר - עינות צוקים,עינות צוקים,31.6885,35.4462,,מדבר יהודה / ים המלח
כיסון,עינות צוקים,31.7082,35.4501,,מדבר יהודה / ים המלח
מזין בריכת המעיין התחתונה,עינות צוקים,31.7138,35.4521,,מדבר יהודה / ים המלח
מזין בריכת קנה,עינות צוקים,31.6918,35.4485,,מדבר יהודה / ים המלח
צלמון בריכת מפל (נקודה מבוטלת),צלמון,32.8812,35.3981,,גליל תחתון
צלמון ברכת חרוב,צלמון,32.8791,35.3912,,גליל תחתון
צלמון ראש המעיין,צלמון,32.8942,35.3782,,גליל תחתון
צלמון תחנת קמח,צלמון,32.8852,35.3851,,גליל תחתון